{"cameraMode":{"drawMode":0,"name":"Shaded","section":"Shading Mode"},"sceneLighting":false,"audioPlay":false,"sceneViewState":{"m_AlwaysRefresh":false,"showFog":true,"showSkybox":false,"showFlares":true,"showImageEffects":true,"showParticleSystems":true,"showVisualEffectGraphs":true,"m_FxEnabled":true},"in2DMode":false,"pivot":{"x":1.6586788892745972,"y":-3.832364082336426,"z":0.39699283242225649},"rotation":{"x":0.3965882658958435,"y":0.029960177838802339,"z":-0.012949123047292233,"w":0.9174849390983582},"size":7.455472469329834,"orthographic":false}