{"cameraMode":{"drawMode":0,"name":"Shaded","section":"Shading Mode"},"sceneLighting":true,"audioPlay":false,"sceneViewState":{"m_AlwaysRefresh":false,"showFog":true,"showSkybox":true,"showFlares":true,"showImageEffects":true,"showParticleSystems":true,"showVisualEffectGraphs":true,"m_FxEnabled":true},"in2DMode":false,"pivot":{"x":-10.479354858398438,"y":5.960567951202393,"z":20.089143753051759},"rotation":{"x":-0.032483506947755817,"y":-0.9683532118797302,"z":0.18419617414474488,"w":-0.16663876175880433},"size":0.13892754912376405,"orthographic":false}